{
  "runs": 100,
  "passed": 100,
  "failed": 0,
  "total_time": 283.20596749999095,
  "avg_time": 2.8320596749999094,
  "failures": []
}